season,team,team_id,player_id,player_name,first_name,last_name,position,jersey_number,status,game_type
2024,PHI,3700,00-0035676,A.J. Brown,Arthur,Brown,WR,11.0,ACT,SB
2024,SEA,4600,00-0039793,AJ Barner,A.J.,Barner,TE,88.0,ACT,REG
2024,GB,1800,00-0036265,AJ Dillon,Algiers,Dillon,RB,28.0,RES,WC
2024,MIN,3000,00-0033293,Aaron Jones,Aaron,Jones,RB,33.0,ACT,WC
2024,NYJ,3430,00-0023459,Aaron Rodgers,Aaron,Rodgers,QB,8.0,ACT,REG
2024,NO,3300,00-0036727,Adam Prentice,Adam,Prentice,RB,46.0,ACT,REG
2024,CAR,750,00-0030035,Adam Thielen,Adam,Thielen,WR,19.0,ACT,REG
2024,DEN,1400,00-0036422,Adam Trautman,Adam,Trautman,TE,82.0,ACT,WC
2024,IND,2200,00-0039890,Adonai Mitchell,Adonai,Mitchell,WR,10.0,ACT,REG
2024,LV,2520,00-0038579,Aidan O'Connell,Aidan,O'Connell,QB,12.0,ACT,REG
2024,PHI,3700,00-0039747,Ainias Smith,Ainias,Smith,WR,82.0,INA,SB
2024,MIA,2700,00-0035125,Alec Ingold,Alec,Ingold,RB,30.0,ACT,REG
2024,IND,2200,00-0037664,Alec Pierce,Alec,Pierce,WR,14.0,ACT,REG
2024,LV,2520,00-0034972,Alexander Mattison,Alexander,Mattison,RB,22.0,ACT,REG
2024,NYJ,3430,00-0034521,Allen Lazard,Allen,Lazard,WR,10.0,ACT,REG
2024,DET,1540,00-0031428,Allen Robinson,Allen,Robinson,WR,8.0,ACT,DIV
2024,NO,3300,00-0033906,Alvin Kamara,Alvin,Kamara,RB,41.0,INA,REG
2024,BUF,610,00-0031544,Amari Cooper,Amari,Cooper,WR,18.0,ACT,CON
2024,LV,2520,00-0032104,Ameer Abdullah,Ameer,Abdullah,RB,8.0,INA,REG
2024,DET,1540,00-0036963,Amon-Ra St. Brown,Amon-Ra,St. Brown,WR,14.0,ACT,DIV
2024,CIN,920,00-0038619,Andrei Iosivas,Andrei,Iosivas,WR,80.0,ACT,REG
2024,HOU,2120,00-0034959,Andrew Beck,Andrew,Beck,RB,47.0,ACT,DIV
2024,IND,2200,00-0037292,Andrew Ogletree,Andrew,Ogletree,TE,85.0,ACT,REG
2024,CAR,750,00-0027973,Andy Dalton,Andrew,Dalton,QB,14.0,ACT,REG
2024,IND,2200,00-0039816,Anthony Gould,Anthony,Gould,WR,6.0,ACT,REG
2024,BAL,325,00-0034353,Anthony Miller,Anthony,Miller,WR,6.0,ACT,DIV
2024,IND,2200,00-0039164,Anthony Richardson,Anthony,Richardson,QB,5.0,INA,REG
2024,MIA,2700,00-0036999,Anthony Schwartz,Anthony,Schwartz,WR,84.0,RES,REG
2024,DET,1540,00-0038627,Antoine Green,Antoine,Green,WR,18.0,RES,DIV
2024,NE,3200,00-0036328,Antonio Gibson,Antonio,Gibson,RB,4.0,ACT,REG
2024,BUF,610,00-0037168,Armani Rogers,Armani,Rogers,TE,88.0,RES,CON
2024,IND,2200,00-0035021,Ashton Dulin,Ashton,Dulin,WR,16.0,ACT,REG
2024,DEN,1400,00-0039373,Audric Estim√©,Audric,Estime,RB,23.0,INA,WC
2024,WAS,5110,00-0033699,Austin Ekeler,Austin,Ekeler,RB,30.0,ACT,CON
2024,NE,3200,00-0032392,Austin Hooper,Austin,Hooper,TE,81.0,ACT,REG
2024,WAS,5110,00-0035145,Austin Seibert,Austin,Seibert,K,3.0,RES,CON
2024,ATL,200,00-0036950,Avery Williams,Avery,Williams,RB,26.0,ACT,REG
2024,CLE,1050,00-0038108,Bailey Zappe,Bailey,Zappe,QB,2.0,ACT,REG
2024,TB,4900,00-0034855,Baker Mayfield,Baker,Mayfield,QB,6.0,ACT,WC
2024,GB,1800,00-0038809,Ben Sims,Ben,Sims,TE,89.0,INA,WC
2024,WAS,5110,00-0039912,Ben Sinnott,Ben,Sinnott,TE,82.0,ACT,CON
2024,PIT,3900,00-0036862,Ben Skowronek,Ben,Skowronek,WR,15.0,ACT,WC
2024,ATL,200,00-0038542,Bijan Robinson,Bijan,Robinson,RB,7.0,ACT,REG
2024,LA,2510,00-0039738,Blake Corum,Blake,Corum,RB,22.0,RES,DIV
2024,NO,3300,00-0038905,Blake Grupe,Blake,Grupe,K,19.0,ACT,REG
2024,DEN,1400,00-0039573,Blake Watson,Blake,Watson,RB,25.0,INA,WC
2024,CLE,1050,00-0038710,Blake Whiteheart,Blake,Whiteheart,TE,86.0,ACT,REG
2024,GB,1800,00-0037091,Bo Melton,Bo,Melton,WR,80.0,ACT,WC
2024,DEN,1400,00-0039732,Bo Nix,Bo,Nix,QB,10.0,ACT,WC
2024,SEA,4600,00-0038488,Brady Russell,Brady,Russell,TE,38.0,RES,REG
2024,NYJ,3430,00-0039794,Braelon Allen,Braelon,Allen,RB,0.0,ACT,REG
2024,DAL,1200,00-0031236,Brandin Cooks,Brandin,Cooks,WR,3.0,ACT,REG
2024,SF,4500,00-0036261,Brandon Aiyuk,Brandon,Aiyuk,WR,11.0,RES,REG
2024,SF,4500,00-0032434,Brandon Allen,Brandon,Allen,QB,17.0,ACT,REG
2024,DAL,1200,00-0037692,Brandon Aubrey,Brandon,Aubrey,K,17.0,ACT,REG
2024,GB,1800,00-0029822,Brandon McManus,Brandon,McManus,K,17.0,ACT,WC
2024,MIN,3000,00-0034646,Brandon Powell,Brandon,Powell,WR,4.0,ACT,WC
2024,MIA,2700,00-0034419,Braxton Berrios,Braxton,Berrios,WR,0.0,RES,REG
2024,SF,4500,00-0038643,Brayden Willis,Brayden,Willis,TE,9.0,ACT,REG
2024,NYJ,3430,00-0038120,Breece Hall,Breece,Hall,RB,20.0,ACT,REG
2024,CLE,1050,00-0039458,Brenden Bates,Brenden,Bates,TE,82.0,ACT,REG
2024,LAC,4400,00-0039415,Brenden Rice,Brenden,Rice,WR,82.0,RES,WC
2024,JAX,2250,00-0038935,Brenton Strange,Brenton,Strange,TE,85.0,ACT,REG
2024,HOU,2120,00-0036556,Brevin Jordan,Brevin,Jordan,TE,9.0,RES,DIV
2024,DAL,1200,00-0039530,Brevyn Spann-Ford,Brevyn,Spann-Ford,TE,89.0,ACT,REG
2024,WAS,5110,00-0037746,Brian Robinson,Brian,Robinson,RB,8.0,ACT,CON
2024,JAX,2250,00-0039893,Brian Thomas Jr.,Brian,Thomas,WR,7.0,ACT,REG
2024,PHI,3700,00-0037132,Britain Covey,Britain,Covey,WR,18.0,RES,SB
2024,HOU,2120,00-0039603,British Brooks,British,Brooks,RB,44.0,RES,DIV
2024,LV,2520,00-0039338,Brock Bowers,Brock,Bowers,TE,89.0,ACT,REG
2024,SF,4500,00-0037834,Brock Purdy,Brock,Purdy,QB,13.0,INA,REG
2024,DET,1540,00-0036754,Brock Wright,Brock,Wright,TE,89.0,ACT,DIV
2024,NYG,3410,00-0038477,Bryce Ford-Wheaton,Bryce,Ford-Wheaton,WR,88.0,ACT,REG
2024,TEN,2100,00-0039650,Bryce Oliver,Bryce,Oliver,WR,80.0,ACT,REG
2024,CAR,750,00-0039150,Bryce Young,Bryce,Young,QB,9.0,ACT,REG
2024,NO,3300,00-0039386,Bub Means,Jerrod,Means,WR,16.0,RES,REG
2024,TB,4900,00-0039361,Bucky Irving,Mar'Keise,Irving,RB,7.0,ACT,WC
2024,JAX,2250,00-0033936,C.J. Beathard,Casey,Beathard,QB,19.0,ACT,REG
2024,MIN,3000,00-0032918,C.J. Ham,Cortez,Ham,RB,30.0,ACT,WC
2024,HOU,2120,00-0039163,C.J. Stroud,Coleridge,Stroud,QB,7.0,ACT,DIV
2024,PHI,3700,00-0032134,C.J. Uzomah,Christopher,Uzomah,TE,47.0,RES,SB
2024,TB,4900,00-0038129,Cade Otton,Cade,Otton,TE,88.0,ACT,WC
2024,HOU,2120,00-0039359,Cade Stover,Cade,Stover,TE,87.0,RES,DIV
2024,CIN,920,00-0038097,Cade York,Cade,York,K,3.0,ACT,REG
2024,CHI,810,00-0031203,Cairo Santos,Cairo,Santos,K,8.0,ACT,REG
2024,CHI,810,00-0039918,Caleb Williams,Caleb,Williams,QB,18.0,ACT,REG
2024,PIT,3900,00-0037837,Calvin Austin III,Calvin,Austin,WR,19.0,ACT,WC
2024,TEN,2100,00-0034837,Calvin Ridley,Calvin,Ridley,WR,0.0,ACT,REG
2024,MIN,3000,00-0036414,Cam Akers,Cam,Akers,RB,27.0,ACT,WC
2024,CIN,920,00-0039631,Cam Grandy,Cam,Grandy,TE,85.0,ACT,REG
2024,JAX,2250,00-0039409,Cam Little,Cameron,Little,K,39.0,ACT,REG
2024,CAR,750,00-0034104,Cam Sims,Cam,Sims,WR,87.0,RES,REG
2024,LAC,4400,00-0037224,Cameron Dicker,Cameron,Dicker,K,11.0,ACT,WC
2024,PHI,3700,00-0038564,Cameron Latu,Cameron,Latu,TE,82.0,RES,SB
2024,ATL,200,00-0038930,Carlos Washington,Carlos,Washington,RB,28.0,ACT,REG
2024,KC,2310,00-0039325,Carson Steele,Carson,Steele,RB,42.0,ACT,SB
2024,KC,2310,00-0032950,Carson Wentz,Carson,Wentz,QB,11.0,ACT,SB
2024,LV,2520,00-0039534,Carter Bradley,Carter,Bradley,QB,14.0,INA,REG
2024,HOU,2120,00-0028986,Case Keenum,Casey,Keenum,QB,18.0,RES,DIV
2024,ATL,200,00-0039394,Casey Washington,Casey,Washington,WR,82.0,ACT,REG
2024,CLE,1050,00-0038979,Cedric Tillman,Cedric,Tillman,WR,19.0,RES,REG
2024,NO,3300,00-0034418,Cedrick Wilson Jr.,Cedrick,Wilson,WR,11.0,ACT,REG
2024,DAL,1200,00-0036358,CeeDee Lamb,Cedarian,Lamb,WR,88.0,RES,REG
2024,ARI,3800,00-0038567,Chad Ryland,Chad,Ryland,K,38.0,ACT,REG
2024,CIN,920,00-0038576,Charlie Jones,Charlie,Jones,WR,15.0,INA,REG
2024,BAL,325,00-0038046,Charlie Kolar,Charlie,Kolar,TE,88.0,ACT,DIV
2024,ATL,200,00-0036429,Charlie Woerner,Charlie,Woerner,TE,89.0,ACT,REG
2024,CIN,920,00-0038597,Chase Brown,Chase,Brown,RB,30.0,INA,REG
2024,TB,4900,00-0034681,Chase Edmonds,Chase,Edmonds,RB,22.0,RES,WC
2024,TB,4900,00-0035358,Chase McLaughlin,Chase,McLaughlin,K,4.0,ACT,WC
2024,TEN,2100,00-0037809,Chig Okonkwo,Chigoziem,Okonkwo,TE,85.0,ACT,REG
2024,ATL,200,00-0036463,Chris Blair,Chris,Blair,WR,19.0,ACT,REG
2024,PIT,3900,00-0031136,Chris Boswell,Chris,Boswell,K,9.0,ACT,WC
2024,GB,1800,00-0038685,Chris Brooks,Christopher,Brooks,RB,30.0,ACT,WC
2024,LV,2520,00-0039244,Chris Collier,Chris,Collier,RB,33.0,ACT,REG
2024,SF,4500,00-0032128,Chris Conley,Christian,Conley,WR,18.0,ACT,REG
2024,CIN,920,00-0036857,Chris Evans,Chris,Evans,RB,25.0,RES,REG
2024,TB,4900,00-0033921,Chris Godwin,Rod,Godwin,WR,14.0,RES,WC
2024,NYG,3410,00-0031484,Chris Manhertz,Chris,Manhertz,TE,85.0,ACT,REG
2024,NO,3300,00-0037239,Chris Olave,Chris,Olave,WR,12.0,RES,REG
2024,WAS,5110,00-0038611,Chris Rodriguez Jr.,Christopher,Rodriguez,RB,36.0,INA,CON
2024,JAX,2250,00-0034775,Christian Kirk,Christian,Kirk,WR,13.0,RES,REG
2024,SF,4500,00-0033280,Christian McCaffrey,Christian,McCaffrey,RB,23.0,RES,REG
2024,GB,1800,00-0038124,Christian Watson,Christian,Watson,WR,9.0,INA,WC
2024,CAR,750,00-0036555,Chuba Hubbard,Chuba,Hubbard,RB,30.0,RES,REG
2024,ARI,3800,00-0038582,Clayton Tune,Clayton,Tune,QB,15.0,ACT,REG
2024,NO,3300,00-0036360,Clyde Edwards-Helaire,Clyde,Edwards-Helaire,RB,23.0,ACT,REG
2024,LA,2510,00-0039703,Cody Schrader,Cody,Schrader,RB,32.0,ACT,DIV
2024,SEA,4600,00-0035891,Cody White,Cody,White,WR,82.0,INA,REG
2024,LA,2510,00-0036244,Colby Parkinson,Colby,Parkinson,TE,86.0,ACT,DIV
2024,CHI,810,00-0036290,Cole Kmet,Cole,Kmet,TE,85.0,ACT,REG
2024,CHI,810,00-0036254,Collin Johnson,Collin,Johnson,WR,80.0,ACT,REG
2024,WAS,5110,00-0039686,Colson Yankoff,Colson,Yankoff,RB,41.0,ACT,CON
2024,TEN,2100,00-0038632,Colton Dowell,Colton,Dowell,WR,14.0,RES,REG
2024,PIT,3900,00-0037304,Connor Heyward,Connor,Heyward,TE,83.0,ACT,WC
2024,LA,2510,00-0033908,Cooper Kupp,Cooper,Kupp,WR,10.0,ACT,DIV
2024,DAL,1200,00-0033662,Cooper Rush,Cooper,Rush,QB,10.0,ACT,REG
2024,PIT,3900,00-0030578,Cordarrelle Patterson,Cordarrelle,Patterson,RB,84.0,ACT,WC
2024,DEN,1400,00-0034348,Courtland Sutton,Courtland,Sutton,WR,14.0,ACT,WC
2024,DET,1540,00-0035567,Craig Reynolds,Craig,Reynolds,RB,13.0,ACT,DIV
2024,BUF,610,00-0033282,Curtis Samuel,Curtis,Samuel,WR,1.0,ACT,CON
2024,CHI,810,00-0036275,D'Andre Swift,D'Andre,Swift,RB,4.0,ACT,REG
2024,JAX,2250,00-0035628,D'Ernest Johnson,D'Ernest,Johnson,RB,2.0,ACT,REG
2024,CLE,1050,00-0033925,D'Onta Foreman,D'Onta,Foreman,RB,27.0,ACT,REG
2024,LAC,4400,00-0034777,DJ Chark,Darrell,Chark,WR,9.0,ACT,WC
2024,CHI,810,00-0034827,DJ Moore,Denniston,Moore,WR,2.0,ACT,REG
2024,LV,2520,00-0036527,DJ Turner,Darryl,Turner,WR,19.0,RES,REG
2024,SEA,4600,00-0035640,DK Metcalf,DeKaylin,Metcalf,WR,14.0,ACT,REG
2024,DAL,1200,00-0033077,Dak Prescott,Rayne,Prescott,QB,4.0,RES,REG
2024,PHI,3700,00-0034351,Dallas Goedert,Dallas,Goedert,TE,88.0,ACT,SB
2024,NO,3300,00-0039613,Dallin Holker,Dallin,Holker,TE,85.0,ACT,REG
2024,HOU,2120,00-0036225,Dalton Keene,Dalton,Keene,TE,40.0,RES,DIV
2024,BUF,610,00-0038933,Dalton Kincaid,Dalton,Kincaid,TE,86.0,ACT,CON
2024,HOU,2120,00-0034383,Dalton Schultz,Dalton,Schultz,TE,86.0,ACT,DIV
2024,HOU,2120,00-0037258,Dameon Pierce,Dameon,Pierce,RB,31.0,ACT,DIV
2024,CAR,750,00-0035976,Dan Chisena,Daniel,Chisena,WR,88.0,ACT,REG
2024,NYG,3410,00-0038115,Daniel Bellinger,Daniel,Bellinger,TE,82.0,ACT,REG
2024,LV,2520,00-0034161,Daniel Carlson,Daniel,Carlson,K,2.0,ACT,REG
2024,MIN,3000,00-0035710,Daniel Jones,Daniel,Jones,QB,13.0,INA,WC
2024,NYG,3410,00-0039230,Dante Miller,Dante,Miller,RB,25.0,INA,REG
2024,NO,3300,00-0034860,Dante Pettis,Dante,Pettis,WR,17.0,ACT,REG
2024,HOU,2120,00-0033854,Dare Ogunbowale,Oluwadare,Ogunbowale,RB,33.0,ACT,DIV
2024,SEA,4600,00-0037093,Dareke Young,Dareke,Young,WR,83.0,ACT,REG
2024,NYG,3410,00-0035535,Darius Slayton,Darius,Slayton,WR,86.0,ACT,REG
2024,ATL,200,00-0036309,Darnell Mooney,Darnell,Mooney,WR,1.0,INA,REG
2024,PIT,3900,00-0038558,Darnell Washington,Darnell,Washington,TE,80.0,ACT,WC
2024,CHI,810,00-0036297,Darrynton Evans,Darrynton,Evans,RB,25.0,ACT,REG
2024,NYJ,3430,00-0031381,Davante Adams,Davante,Adams,WR,17.0,ACT,REG
2024,CLE,1050,00-0037257,David Bell,David,Bell,WR,18.0,RES,REG
2024,TEN,2100,00-0039648,David Martin-Robinson,David,Martin-Robinson,TE,88.0,ACT,REG
2024,DET,1540,00-0035685,David Montgomery,David,Montgomery,RB,5.0,ACT,DIV
2024,CAR,750,00-0033589,David Moore,David,Moore,WR,83.0,ACT,REG
2024,CLE,1050,00-0033885,David Njoku,David,Njoku,TE,85.0,RES,REG
2024,JAX,2250,00-0039562,David White Jr.,David,White,WR,83.0,RES,REG
2024,LA,2510,00-0039074,Davis Allen,Davis,Allen,TE,87.0,ACT,DIV
2024,HOU,2120,00-0036898,Davis Mills,Davis,Mills,QB,10.0,ACT,DIV
2024,BUF,610,00-0035689,Dawson Knox,Dawson,Knox,TE,88.0,ACT,CON
2024,MIA,2700,00-0039040,De'Von Achane,Devon,Achane,RB,28.0,ACT,REG
2024,CHI,810,00-0031763,DeAndre Carter,DeAndre,Carter,WR,11.0,RES,REG
2024,KC,2310,00-0030564,DeAndre Hopkins,DeAndre,Hopkins,WR,8.0,ACT,SB
2024,PHI,3700,00-0036912,DeVonta Smith,DeVonta,Smith,WR,6.0,ACT,SB
2024,MIA,2700,00-0036620,Dee Eskridge,D'Wayne,Eskridge,WR,82.0,INA,REG
2024,NYG,3410,00-0039306,Dee Williams,Dee,Williams,WR,33.0,INA,REG
2024,ARI,3800,00-0036425,DeeJay Dallas,Demetrius,Dallas,RB,20.0,ACT,REG
2024,SF,4500,00-0035719,Deebo Samuel Sr.,Tyshun,Samuel,WR,1.0,INA,REG
2024,LA,2510,00-0032775,Demarcus Robinson,Demarcus,Robinson,WR,15.0,ACT,DIV
2024,NE,3200,00-0038621,Demario Douglas,Demario,Douglas,WR,3.0,ACT,REG
2024,WAS,5110,00-0036654,Demetric Felton,Demetric,Felton,RB,37.0,RES,CON
2024,BAL,325,00-0035215,Deonte Harty,Deonte,Harty,WR,3.0,RES,DIV
2024,NO,3300,00-0031280,Derek Carr,Derek,Carr,QB,4.0,INA,REG
2024,LAC,4400,00-0038573,Derius Davis,Derius,Davis,WR,12.0,ACT,WC
2024,BAL,325,00-0032764,Derrick Henry,Derrick,Henry,RB,22.0,ACT,DIV
2024,CLE,1050,00-0033537,Deshaun Watson,Derrick,Watson,QB,4.0,RES,REG
2024,LV,2520,00-0038122,Desmond Ridder,Desmond,Ridder,QB,10.0,ACT,REG
2024,DAL,1200,00-0038622,Deuce Vaughn,Christopher,Vaughn,RB,42.0,ACT,REG
2024,DEN,1400,00-0039424,Devaughn Vele,Devaughn,Vele,WR,17.0,ACT,WC
2024,CAR,750,00-0037487,Deven Thompkins,Deven,Thompkins,WR,13.0,INA,REG
2024,TB,4900,00-0039754,Devin Culp,Devin,Culp,TE,82.0,INA,WC
2024,JAX,2250,00-0036331,Devin Duvernay,Devin,Duvernay,WR,12.0,ACT,REG
2024,NYG,3410,00-0035250,Devin Singletary,Devin,Singletary,RB,26.0,ACT,REG
2024,BAL,325,00-0039792,Devontez Walker,Devontez,Walker,WR,81.0,ACT,DIV
2024,GB,1800,00-0038393,Dontayvion Wicks,Dontayvion,Wicks,WR,13.0,ACT,WC
2024,CLE,1050,00-0038583,Dorian Thompson-Robinson,Dorian,Thompson-Robinson,QB,17.0,ACT,REG
2024,ATL,200,00-0037238,Drake London,Drake,London,WR,5.0,ACT,REG
2024,NE,3200,00-0039851,Drake Maye,Drake,Maye,QB,10.0,ACT,REG
2024,NYG,3410,00-0035704,Drew Lock,Drew,Lock,QB,2.0,ACT,REG
2024,CIN,920,00-0035631,Drew Sample,Drew,Sample,TE,89.0,ACT,REG
2024,MIA,2700,00-0034798,Durham Smythe,Durham,Smythe,TE,81.0,ACT,REG
2024,CLE,1050,00-0030098,Dustin Hopkins,Dustin,Hopkins,K,7.0,ACT,REG
2024,WAS,5110,00-0036626,Dyami Brown,Dyami,Brown,WR,2.0,ACT,CON
2024,LV,2520,00-0039407,Dylan Laube,Dylan,Laube,RB,23.0,ACT,REG
2024,DEN,1400,00-0039574,Dylan Leonard,Dylan,Leonard,TE,84.0,ACT,REG
2024,PHI,3700,00-0038498,E.J. Jenkins,Emanuel,Jenkins,TE,84.0,ACT,SB
2024,LAC,4400,00-0035282,Easton Stick,Easton,Stick,QB,2.0,INA,WC
2024,CAR,750,00-0034173,Eddy Pineiro,Eddy,Pineiro,K,4.0,ACT,REG
2024,ARI,3800,00-0039041,Elijah Higgins,Elijah,Higgins,TE,84.0,ACT,REG
2024,SF,4500,00-0036567,Elijah Mitchell,Elijah,Mitchell,RB,25.0,RES,REG
2024,CLE,1050,00-0036980,Elijah Moore,Elijah,Moore,WR,8.0,ACT,REG
2024,GB,1800,00-0038797,Emanuel Wilson,Emanuel,Wilson,RB,31.0,ACT,WC
2024,ARI,3800,00-0038705,Emari Demercado,Emari,Demercado,RB,31.0,RES,REG
2024,NYG,3410,00-0038396,Eric Gray,Eric,Gray,RB,20.0,ACT,REG
2024,SF,4500,00-0033576,Eric Saubert,Eric,Saubert,TE,82.0,ACT,REG
2024,CIN,920,00-0039814,Erick All,Erick,All,TE,83.0,RES,REG
2024,MIA,2700,00-0038092,Erik Ezukanma,Erik,Ezukanma,WR,84.0,INA,REG
2024,JAX,2250,00-0033881,Evan Engram,Evan,Engram,TE,17.0,RES,REG
2024,CIN,920,00-0036854,Evan McPherson,Evan,McPherson,K,2.0,RES,REG
2024,CAR,750,00-0036825,Feleipe Franks,Feleipe,Franks,TE,84.0,ACT,REG
2024,NO,3300,00-0034981,Foster Moreau,Foster,Moreau,TE,87.0,ACT,REG
2024,JAX,2250,00-0036196,Gabe Davis,Gabriel,Davis,WR,0.0,RES,REG
2024,LV,2520,00-0035289,Gardner Minshew,Gardner,Minshew,QB,15.0,RES,REG
2024,NYJ,3430,00-0037740,Garrett Wilson,Garrett,Wilson,WR,5.0,ACT,REG
2024,MIA,2700,00-0039482,Gavin Hardison,Gavin,Hardison,QB,16.0,ACT,REG
2024,SEA,4600,00-0030565,Geno Smith,Eugene,Smith,QB,7.0,ACT,REG
2024,CLE,1050,00-0032141,Geoff Swaim,Geoffrey,Swaim,TE,84.0,RES,REG
2024,SEA,4600,00-0039299,George Holani,George,Holani,RB,36.0,ACT,REG
2024,SF,4500,00-0033288,George Kittle,George,Kittle,TE,85.0,ACT,REG
2024,PIT,3900,00-0037247,George Pickens,George,Pickens,WR,14.0,ACT,WC
2024,CHI,810,00-0033895,Gerald Everett,Gerald,Everett,TE,14.0,ACT,REG
2024,NYG,3410,00-0026858,Graham Gano,Graham,Gano,K,9.0,ACT,REG
2024,PHI,3700,00-0037086,Grant Calcaterra,Grant,Calcaterra,TE,81.0,ACT,SB
2024,MIA,2700,00-0038507,Grant DuBose,Grant,DuBose,WR,88.0,RES,REG
2024,ARI,3800,00-0035500,Greg Dortch,Greg,Dortch,WR,4.0,ACT,REG
2024,NYG,3410,00-0037252,Greg Dulcich,Greg,Dulcich,TE,89.0,ACT,REG
2024,NYJ,3430,00-0034450,Greg Joseph,Gregory,Joseph,K,40.0,ACT,REG
2024,NYJ,3430,00-0029621,Greg Zuerlein,Greg,Zuerlein,K,9.0,RES,REG
2024,NYG,3410,00-0035645,Gunner Olszewski,Kaleb,Olszewski,WR,80.0,RES,REG
2024,LAC,4400,00-0034184,Gus Edwards,Gus,Edwards,RB,4.0,ACT,WC
2024,LV,2520,00-0036232,Harrison Bryant,Harrison,Bryant,TE,84.0,ACT,REG
2024,KC,2310,00-0033303,Harrison Butker,Harrison,Butker,K,7.0,ACT,SB
2024,LAC,4400,00-0037617,Hassan Haskins,Hassan,Haskins,RB,28.0,ACT,WC
2024,LAC,4400,00-0034830,Hayden Hurst,Hayden,Hurst,TE,88.0,INA,WC
2024,DET,1540,00-0038550,Hendon Hooker,Hendon,Hooker,QB,2.0,INA,DIV
2024,NE,3200,00-0033090,Hunter Henry,Hunter,Henry,TE,85.0,INA,REG
2024,LA,2510,00-0037004,Hunter Long,Hunter,Long,TE,84.0,ACT,DIV
2024,DAL,1200,00-0038738,Hunter Luepke,Hunter,Luepke,RB,40.0,ACT,REG
2024,CAR,750,00-0034365,Ian Thomas,Ian,Thomas,TE,80.0,RES,REG
2024,CHI,810,00-0039466,Ian Wheeler,Ian,Wheeler,RB,33.0,RES,REG
2024,NYG,3410,00-0036635,Ihmir Smith-Marsette,Ihmir,Smith-Marsette,WR,87.0,ACT,REG
2024,HOU,2120,00-0034970,Irv Smith,Irvin,Smith,TE,83.0,ACT,DIV
2024,NYJ,3430,00-0037156,Irvin Charles,Irvin,Charles,WR,19.0,RES,REG
2024,SF,4500,00-0039363,Isaac Guerendo,Isaac,Guerendo,RB,31.0,ACT,REG
2024,NYJ,3430,00-0039798,Isaiah Davis,Isaiah,Davis,RB,32.0,ACT,REG
2024,BAL,325,00-0037838,Isaiah Likely,Isaiah,Likely,TE,80.0,ACT,DIV
2024,CIN,920,00-0039451,Isaiah Williams,Isaiah,Williams,WR,18.0,ACT,REG
2024,KC,2310,00-0037197,Isiah Pacheco,Isiah,Pacheco,RB,10.0,ACT,SB
2024,SF,4500,00-0038389,Israel Abanikanda,Israel,Abanikanda,RB,20.0,INA,REG
2024,MIN,3000,00-0039923,J.J. McCarthy,Jonathan,McCarthy,QB,9.0,RES,WC
2024,HOU,2120,00-0036096,J.J. Taylor,J.J.,Taylor,RB,26.0,INA,DIV
2024,LAC,4400,00-0036158,J.K. Dobbins,Jkaylin,Dobbins,RB,27.0,ACT,WC
2024,NE,3200,00-0039907,Ja'Lynn Polk,Ja'Lynn,Polk,WR,1.0,RES,REG
2024,CIN,920,00-0036900,Ja'Marr Chase,Ja'Marr,Chase,WR,1.0,ACT,REG
2024,CAR,750,00-0039356,Ja'Tavion Sanders,Ja'Tavion,Sanders,TE,0.0,ACT,REG
2024,NE,3200,00-0035806,JaMycal Hasty,Jamycal,Hasty,RB,39.0,INA,REG
2024,NE,3200,00-0039722,JaQuae Jackson,JaQuae,Jackson,WR,82.0,RES,REG
2024,CAR,750,00-0039501,Jack Plummer,Jack,Plummer,QB,16.0,INA,REG
2024,GB,1800,00-0038808,Jack Podlesny,Jack,Podlesny,K,16.0,INA,REG
2024,MIA,2700,00-0036741,Jack Stoll,Jack,Stoll,TE,80.0,ACT,REG
2024,NE,3200,00-0039305,Jack Westover,Jack,Westover,TE,87.0,ACT,REG
2024,SF,4500,00-0039365,Jacob Cowing,Jacob,Cowing,WR,19.0,ACT,REG
2024,CLE,1050,00-0039617,Jacob Kibodi,Jacob,Kibodi,RB,36.0,ACT,REG
2024,NE,3200,00-0033119,Jacoby Brissett,Jacoby,Brissett,QB,7.0,ACT,REG
2024,SEA,4600,00-0036877,Jaelon Darden,Jaelon,Darden,WR,1.0,ACT,REG
2024,PHI,3700,00-0037741,Jahan Dotson,Jahan,Dotson,WR,83.0,ACT,SB
2024,NE,3200,00-0039420,Jaheim Bell,Jaheim,Bell,TE,88.0,ACT,REG
2024,DET,1540,00-0039139,Jahmyr Gibbs,Jahmyr,Gibbs,RB,26.0,ACT,DIV
2024,DET,1540,00-0039172,Jake Bates,Jacob,Bates,K,39.0,ACT,DIV
2024,SEA,4600,00-0038752,Jake Bobo,Jake,Bobo,WR,19.0,ACT,REG
2024,CIN,920,00-0035100,Jake Browning,Jake,Browning,QB,6.0,ACT,REG
2024,PHI,3700,00-0033787,Jake Elliott,Jake,Elliott,K,4.0,ACT,SB
2024,DAL,1200,00-0038041,Jake Ferguson,Jake,Ferguson,TE,87.0,ACT,REG
2024,NO,3300,00-0038998,Jake Haener,Jake,Haener,QB,3.0,ACT,REG
2024,SF,4500,00-0038562,Jake Moody,Jake,Moody,K,4.0,ACT,REG
2024,SF,4500,00-0037112,Jake Tonges,Jake,Tonges,TE,88.0,ACT,REG
2024,LV,2520,00-0034960,Jakobi Meyers,Jakobi,Meyers,WR,16.0,ACT,REG
2024,DEN,1400,00-0038794,Jaleel McLaughlin,Jaleel,McLaughlin,RB,38.0,ACT,WC
2024,DAL,1200,00-0038640,Jalen Brooks,Jalen,Brooks,WR,83.0,ACT,REG
2024,CAR,750,00-0039491,Jalen Coker,Jalen,Coker,WR,18.0,ACT,REG
2024,PHI,3700,00-0036389,Jalen Hurts,Jalen,Hurts,QB,1.0,ACT,SB
2024,TB,4900,00-0039855,Jalen McMillan,Jalen,McMillan,WR,15.0,ACT,WC
2024,MIN,3000,00-0037291,Jalen Nailor,Jalen,Nailor,WR,83.0,ACT,WC
2024,LAC,4400,00-0036387,Jalen Reagor,Jalen,Reagor,WR,89.0,RES,WC
2024,DAL,1200,00-0037666,Jalen Tolbert,Jalen,Tolbert,WR,1.0,ACT,REG
2024,NYG,3410,00-0038938,Jalin Hyatt,Jalin,Hyatt,WR,13.0,ACT,REG
2024,NO,3300,00-0033948,Jamaal Williams,Jamaal,Williams,RB,21.0,ACT,REG
2024,PIT,3900,00-0033572,Jamal Agnew,Jamal,Agnew,WR,17.0,INA,WC
2024,CLE,1050,00-0039379,Jamari Thrash,Jamari,Thrash,WR,80.0,ACT,REG
2024,CLE,1050,00-0031503,Jameis Winston,Jameis,Winston,QB,5.0,INA,REG
2024,ARI,3800,00-0033553,James Conner,James,Conner,RB,6.0,RES,REG
2024,BUF,610,00-0037248,James Cook,James,Cook,RB,4.0,ACT,CON
2024,CLE,1050,00-0036133,James Proche,James,Proche,WR,11.0,ACT,REG
2024,DET,1540,00-0037240,Jameson Williams,Jameson,Williams,WR,9.0,ACT,DIV
2024,WAS,5110,00-0031941,Jamison Crowder,Jamison,Crowder,WR,80.0,ACT,CON
2024,DET,1540,00-0033106,Jared Goff,Jared,Goff,QB,16.0,ACT,DIV
2024,HOU,2120,00-0038728,Jared Wayne,Jared,Wayne,WR,14.0,ACT,DIV
2024,KC,2310,00-0039824,Jared Wiley,Jared,Wiley,TE,12.0,RES,SB
2024,SEA,4600,00-0038598,Jaren Hall,Jaren,Hall,QB,15.0,INA,REG
2024,LAC,4400,00-0036755,Jaret Patterson,Jaret,Patterson,RB,34.0,INA,WC
2024,DEN,1400,00-0035264,Jarrett Stidham,Jarrett,Stidham,QB,8.0,ACT,WC
2024,ATL,200,00-0039393,Jase McClellan,Jase,McClellan,RB,30.0,RES,REG
2024,SEA,4600,00-0031492,Jason Myers,Jason,Myers,K,5.0,ACT,REG
2024,MIA,2700,00-0034794,Jason Sanders,Jason,Sanders,K,7.0,ACT,REG
2024,SF,4500,00-0036259,Jauan Jennings,Bennie,Jennings,WR,15.0,ACT,REG
2024,NE,3200,00-0039853,Javon Baker,Javon,Baker,WR,6.0,ACT,REG
2024,DEN,1400,00-0036997,Javonte Williams,Javonte,Williams,RB,33.0,ACT,WC
2024,SEA,4600,00-0038543,Jaxon Smith-Njigba,Jaxon,Smith-Njigba,WR,11.0,ACT,REG
2024,WAS,5110,00-0039910,Jayden Daniels,Jayden,Daniels,QB,5.0,ACT,CON
2024,GB,1800,00-0039146,Jayden Reed,Jayden,Reed,WR,11.0,ACT,WC
2024,MIA,2700,00-0036613,Jaylen Waddle,Jaylen,Waddle,WR,17.0,ACT,REG
2024,PIT,3900,00-0037228,Jaylen Warren,Jaylen,Warren,RB,30.0,ACT,WC
2024,MIA,2700,00-0039874,Jaylen Wright,Jaylen,Wright,RB,25.0,ACT,REG
2024,WAS,5110,00-0032436,Jeff Driskel,Jeffrey,Driskel,QB,16.0,INA,CON
2024,LV,2520,00-0039536,Jeff Foreman,Jeff,Foreman,WR,80.0,RES,REG
2024,MIA,2700,00-0034115,Jeff Wilson,Jeffery,Wilson,RB,23.0,ACT,REG
2024,IND,2200,00-0037755,Jelani Woods,Jelani,Woods,TE,80.0,RES,REG
2024,WAS,5110,00-0033955,Jeremy McNichols,Jeremy,McNichols,RB,26.0,ACT,CON
2024,NYJ,3430,00-0037805,Jeremy Ruckert,Jeremy,Ruckert,TE,89.0,ACT,REG
2024,CIN,920,00-0039810,Jermaine Burton,Jermaine,Burton,WR,81.0,INA,REG
2024,CLE,1050,00-0037267,Jerome Ford,Jerome,Ford,RB,34.0,RES,REG
2024,CLE,1050,00-0036407,Jerry Jeudy,Jerry,Jeudy,WR,3.0,ACT,REG
2024,TEN,2100,00-0039392,Jha'Quan Jackson,Jha'quan,Jackson,WR,19.0,INA,REG
2024,LA,2510,00-0031345,Jimmy Garoppolo,James,Garoppolo,QB,11.0,ACT,DIV
2024,CIN,920,00-0036442,Joe Burrow,Joe,Burrow,QB,9.0,ACT,REG
2024,IND,2200,00-0026158,Joe Flacco,Joseph,Flacco,QB,15.0,ACT,REG
2024,NE,3200,00-0039398,Joe Milton III,Joe,Milton,QB,19.0,ACT,REG
2024,HOU,2120,00-0033897,Joe Mixon,Joe,Mixon,RB,28.0,ACT,DIV
2024,NE,3200,00-0035192,Joey Slye,Joey,Slye,K,13.0,ACT,REG
2024,WAS,5110,00-0036628,John Bates,John,Bates,TE,87.0,ACT,CON
2024,GB,1800,00-0037306,John FitzPatrick,John,FitzPatrick,TE,86.0,ACT,WC
2024,CLE,1050,00-0034808,John Kelly,John,Kelly,RB,42.0,ACT,REG
2024,HOU,2120,00-0037614,John Metchie III,John,Metchie,WR,8.0,ACT,DIV
2024,SEA,4600,00-0039456,John Rhys Plumlee,John Rhys,Plumlee,WR,17.0,INA,REG
2024,LV,2520,00-0038920,John Shenker,John Samuel,Shenker,TE,86.0,ACT,REG
2024,DAL,1200,00-0038741,John Stephens Jr.,John,Stephens,TE,81.0,RES,REG
2024,MIN,3000,00-0033246,Johnny Mundt,Johnny,Mundt,TE,86.0,ACT,WC
2024,PHI,3700,00-0039236,Johnny Wilson,Johnny,Wilson,WR,89.0,ACT,SB
2024,DAL,1200,00-0039062,Jonathan Mingo,Jonathan,Mingo,WR,81.0,ACT,REG
2024,IND,2200,00-0036223,Jonathan Taylor,Jonathan,Taylor,RB,28.0,ACT,REG
2024,CAR,750,00-0039344,Jonathon Brooks,Jonathon,Brooks,RB,24.0,RES,REG
2024,MIA,2700,00-0033858,Jonnu Smith,Jonnu,Smith,TE,9.0,ACT,REG
2024,MIN,3000,00-0038994,Jordan Addison,Jordan,Addison,WR,3.0,ACT,WC
2024,CLE,1050,00-0034364,Jordan Akins,Jordan,Akins,TE,88.0,ACT,REG
2024,GB,1800,00-0036264,Jordan Love,Jordan,Love,QB,10.0,ACT,WC
2024,SF,4500,00-0037525,Jordan Mason,Jordan,Mason,RB,24.0,RES,REG
2024,NO,3300,00-0038678,Jordan Mims,Jordan,Mims,RB,33.0,ACT,REG
2024,NYJ,3430,00-0039797,Jordan Travis,Jordan,Travis,QB,3.0,RES,REG
2024,LA,2510,00-0039751,Jordan Whittington,Jordan,Whittington,WR,88.0,ACT,DIV
2024,KC,2310,00-0035547,Joseph Fortson,Joseph,Fortson,TE,89.0,RES,SB
2024,BUF,610,00-0034857,Josh Allen,Joshua,Allen,QB,17.0,ACT,CON
2024,IND,2200,00-0038997,Josh Downs,Joshua,Downs,WR,1.0,ACT,REG
2024,GB,1800,00-0035700,Josh Jacobs,Joshua,Jacobs,RB,8.0,ACT,WC
2024,BAL,325,00-0026300,Josh Johnson,Joshua,Johnson,QB,17.0,ACT,DIV
2024,MIN,3000,00-0035249,Josh Oliver,Josh,Oliver,TE,84.0,ACT,WC
2024,LAC,4400,00-0036988,Josh Palmer,Josh,Palmer,WR,5.0,INA,WC
2024,JAX,2250,00-0036674,Josh Pederson,Josh,Pederson,TE,87.0,ACT,REG
2024,JAX,2250,00-0033943,Josh Reynolds,Joshua Dedmon-Reynolds,Reynolds,WR,87.0,ACT,REG
2024,TEN,2100,00-0038589,Josh Whyle,Josh,Whyle,TE,81.0,ACT,REG
2024,SF,4500,00-0033949,Joshua Dobbs,Robert,Dobbs,QB,5.0,ACT,REG
2024,LA,2510,00-0039750,Joshua Karty,Joshua,Karty,K,16.0,ACT,DIV
2024,TEN,2100,00-0036370,Joshua Kelley,Joshua,Kelley,RB,25.0,ACT,REG
2024,JAX,2250,00-0036332,Josiah Deguara,Josiah,Deguara,TE,81.0,ACT,REG
2024,KC,2310,00-0033857,JuJu Smith-Schuster,John,Smith-Schuster,WR,9.0,ACT,SB
2024,MIA,2700,00-0038720,Julian Hill,Julian,Hill,TE,89.0,ACT,REG
2024,TEN,2100,00-0037594,Julius Chestnut,Julius,Chestnut,RB,36.0,ACT,REG
2024,BAL,325,00-0034975,Justice Hill,Justice,Hill,RB,43.0,ACT,DIV
2024,PIT,3900,00-0036945,Justin Fields,Justin,Fields,QB,2.0,ACT,WC
2024,LAC,4400,00-0036355,Justin Herbert,Justin,Herbert,QB,10.0,ACT,WC
2024,MIN,3000,00-0036322,Justin Jefferson,Justin,Jefferson,WR,18.0,ACT,WC
2024,LV,2520,00-0038590,Justin Shorter,Justin,Shorter,TE,88.0,ACT,REG
2024,BAL,325,00-0029597,Justin Tucker,Justin,Tucker,K,9.0,ACT,DIV
2024,KC,2310,00-0034386,Justin Watson,Justin,Watson,WR,84.0,ACT,SB
2024,NO,3300,00-0036040,Juwan Johnson,Juwan,Johnson,TE,83.0,ACT,REG
2024,IND,2200,00-0035593,Juwann Winfree,Juwann,Winfree,WR,9.0,RES,REG
2024,WAS,5110,00-0036345,K.J. Osborn,K.J.,Osborn,WR,13.0,INA,CON
2024,HOU,2120,00-0032726,Ka'imi Fairbairn,John,Fairbairn,K,15.0,ACT,DIV
2024,DAL,1200,00-0037801,KaVontae Turpin,Kavontae,Turpin,WR,9.0,ACT,REG
2024,CLE,1050,00-0037380,Kaden Davis,Kaden,Davis,WR,89.0,ACT,REG
2024,DET,1540,00-0032464,Kalif Raymond,Kalif,Raymond,WR,11.0,ACT,DIV
2024,TB,4900,00-0039589,Kameron Johnson,Kameron,Johnson,WR,19.0,INA,WC
2024,KC,2310,00-0033923,Kareem Hunt,Kareem,Hunt,RB,29.0,ACT,SB
2024,NE,3200,00-0038608,Kayshon Boutte,Kayshon,Boutte,WR,9.0,ACT,REG
2024,BAL,325,00-0038454,Keaton Mitchell,Keaton,Mitchell,RB,34.0,ACT,DIV
2024,CHI,810,00-0030279,Keenan Allen,Keenan,Allen,WR,13.0,ACT,REG
2024,JAX,2250,00-0039385,Keilan Robinson,Keilan,Robinson,RB,31.0,ACT,REG
2024,CIN,920,00-0039266,Kendall Milton,Kendall,Milton,RB,36.0,ACT,REG
2024,NO,3300,00-0038551,Kendre Miller,Kendre,Miller,RB,25.0,INA,REG
2024,CIN,920,00-0037422,Kendric Pryor,Kendric,Pryor,WR,19.0,ACT,REG
2024,NE,3200,00-0033307,Kendrick Bourne,Kendrick,Bourne,WR,84.0,ACT,REG
2024,NYJ,3430,00-0036842,Kene Nwangwu,Kene,Nwangwu,RB,34.0,RES,REG
2024,PHI,3700,00-0036919,Kenneth Gainwell,Kenneth,Gainwell,RB,14.0,ACT,SB
2024,SEA,4600,00-0038134,Kenneth Walker III,Kenneth,Walker,RB,9.0,RES,REG
2024,SEA,4600,00-0038636,Kenny McIntosh,Kenny,McIntosh,RB,25.0,ACT,REG
2024,PHI,3700,00-0038102,Kenny Pickett,Kenny,Pickett,QB,7.0,ACT,SB
2024,NYJ,3430,00-0036510,Kenny Yeboah,Kenny,Yeboah,TE,88.0,ACT,REG
2024,BUF,610,00-0039901,Keon Coleman,Keon,Coleman,WR,0.0,ACT,CON
2024,NO,3300,00-0037231,Kevin Austin Jr.,Kevin,Austin,WR,81.0,ACT,REG
2024,ATL,200,00-0034854,KhaDarel Hodge,KhaDarel Lott,Hodge,WR,12.0,ACT,REG
2024,CIN,920,00-0036906,Khalil Herbert,Khalil,Herbert,RB,34.0,ACT,REG
2024,BUF,610,00-0037261,Khalil Shakir,Khalil,Shakir,WR,10.0,ACT,CON
2024,PHI,3700,00-0035099,Khari Blasingame,Khari,Blasingame,RB,48.0,ACT,SB
2024,LAC,4400,00-0039391,Kimani Vidal,Kimani,Vidal,RB,30.0,INA,WC
2024,ATL,200,00-0029604,Kirk Cousins,Kirk,Cousins,QB,18.0,ACT,REG
2024,TB,4900,00-0037311,Ko Kieft,Ko,Kieft,TE,41.0,ACT,WC
2024,PIT,3900,00-0034577,Kyle Allen,Kyle,Allen,QB,4.0,INA,WC
2024,SF,4500,00-0029892,Kyle Juszczyk,Kyle,Juszczyk,RB,44.0,ACT,REG
2024,ATL,200,00-0036970,Kyle Pitts,Kyle,Pitts,TE,8.0,ACT,REG
2024,TB,4900,00-0036928,Kyle Trask,Kyle,Trask,QB,2.0,ACT,WC
2024,IND,2200,00-0036876,Kylen Granson,Kylen,Granson,TE,83.0,ACT,REG
2024,ARI,3800,00-0035228,Kyler Murray,Kyler,Murray,QB,1.0,ACT,REG
2024,LA,2510,00-0037840,Kyren Williams,Kyren,Williams,RB,23.0,ACT,DIV
2024,LAC,4400,00-0039915,Ladd McConkey,Andrew,McConkey,WR,15.0,ACT,WC
2024,BAL,325,00-0034796,Lamar Jackson,Lamar,Jackson,QB,8.0,ACT,DIV
2024,WAS,5110,00-0036145,Lawrence Cager,Lawrence,Cager,TE,83.0,RES,CON
2024,DEN,1400,00-0035406,Lil'Jordan Humphrey,Lil'Jordan,Humphrey,WR,84.0,ACT,WC
2024,DEN,1400,00-0037539,Lucas Krull,Lucas,Krull,TE,85.0,ACT,WC
2024,JAX,2250,00-0036887,Luke Farrell,Luke,Farrell,TE,89.0,ACT,REG
2024,WAS,5110,00-0039355,Luke McCaffrey,Luke,McCaffrey,WR,12.0,ACT,CON
2024,GB,1800,00-0039144,Luke Musgrave,Luke,Musgrave,TE,88.0,ACT,WC
2024,DAL,1200,00-0038547,Luke Schoonmaker,Luke,Schoonmaker,TE,86.0,ACT,REG
2024,JAX,2250,00-0036972,Mac Jones,Michael,Jones,QB,10.0,ACT,REG
2024,BUF,610,00-0033555,Mack Hollins,Mack,Hollins,WR,13.0,ACT,CON
2024,NYJ,3430,00-0039920,Malachi Corley,Malachi,Corley,WR,14.0,ACT,REG
2024,GB,1800,00-0038465,Malik Heath,Malik,Heath,WR,18.0,ACT,WC
2024,NYG,3410,00-0039337,Malik Nabers,Malik,Nabers,WR,1.0,ACT,REG
2024,NYJ,3430,00-0035480,Malik Taylor,Malik,Taylor,WR,86.0,RES,REG
2024,MIA,2700,00-0039880,Malik Washington,Malik,Washington,WR,83.0,ACT,REG
2024,GB,1800,00-0038128,Malik Willis,Malik,Willis,QB,2.0,ACT,WC
2024,GB,1800,00-0039811,MarShawn Lloyd,MarShawn,Lloyd,RB,32.0,RES,WC
2024,CHI,810,00-0024243,Marcedes Lewis,Marcedes,Lewis,TE,84.0,ACT,REG
2024,WAS,5110,00-0032268,Marcus Mariota,Marcus,Mariota,QB,18.0,ACT,CON
2024,NYJ,3430,00-0039286,Marcus Riley,Marcus,Riley,WR,87.0,RES,REG
2024,SEA,4600,00-0035701,Marcus Simms,Marcus,Simms,WR,18.0,RES,REG
2024,BAL,325,00-0034753,Mark Andrews,Mark,Andrews,TE,89.0,ACT,DIV
2024,NO,3300,00-0034272,Marquez Valdes-Scantling,Marquez,Valdes-Scantling,WR,10.0,ACT,REG
2024,KC,2310,00-0035662,Marquise Brown,Marquise,Brown,WR,5.0,ACT,SB
2024,ARI,3800,00-0039849,Marvin Harrison Jr.,Marvin,Harrison,WR,18.0,ACT,REG
2024,DEN,1400,00-0038976,Marvin Mims Jr.,Marvin,Mims,WR,19.0,ACT,WC
2024,TEN,2100,00-0036176,Mason Kinsey,Mason,Kinsey,WR,12.0,ACT,REG
2024,TEN,2100,00-0034771,Mason Rudolph,Mason,Rudolph,QB,11.0,ACT,REG
2024,NO,3300,00-0039623,Mason Tipton,Mason,Tipton,WR,84.0,INA,REG
2024,MIA,2700,00-0036471,Mathew Sexton,Mathew,Sexton,WR,87.0,ACT,REG
2024,IND,2200,00-0035269,Matt Gay,Matt,Gay,K,7.0,ACT,REG
2024,ARI,3800,00-0023853,Matt Prater,Matt,Prater,K,5.0,RES,REG
2024,LA,2510,00-0026498,Matthew Stafford,John,Stafford,QB,9.0,ACT,DIV
2024,TEN,2100,00-0035189,Matthew Wright,Matthew,Wright,K,7.0,ACT,REG
2024,KC,2310,00-0035140,Mecole Hardman,Mecole,Hardman,WR,17.0,RES,SB
2024,DEN,1400,00-0031595,Michael Burton,Michael,Burton,RB,20.0,ACT,WC
2024,ARI,3800,00-0036924,Michael Carter,Michael,Carter,RB,22.0,ACT,REG
2024,LV,2520,00-0039066,Michael Mayer,Michael,Mayer,TE,87.0,ACT,REG
2024,ATL,200,00-0039917,Michael Penix Jr.,Michael,Penix,QB,9.0,ACT,REG
2024,IND,2200,00-0036252,Michael Pittman,Michael,Pittman,WR,11.0,ACT,REG
2024,ARI,3800,00-0038559,Michael Wilson,Michael,Wilson,WR,14.0,INA,REG
2024,DET,1540,00-0034084,Mike Badgley,Michael,Badgley,K,17.0,RES,DIV
2024,CAR,750,00-0034208,Mike Boone,Michael,Boone,RB,34.0,ACT,REG
2024,TB,4900,00-0031408,Mike Evans,Mike,Evans,WR,13.0,ACT,WC
2024,CIN,920,00-0034829,Mike Gesicki,Michael,Gesicki,TE,88.0,ACT,REG
2024,WAS,5110,00-0036482,Mike Strachan,Mike,Strachan,WR,83.0,RES,CON
2024,BUF,610,00-0034401,Mike White,Michael,White,QB,14.0,INA,CON
2024,PIT,3900,00-0033536,Mike Williams,Michael,Williams,WR,18.0,ACT,WC
2024,CLE,1050,00-0037300,Mike Woods,Michael,Woods,WR,81.0,INA,REG
2024,CAR,750,00-0035243,Miles Sanders,Miles,Sanders,RB,6.0,ACT,REG
2024,BUF,610,00-0033869,Mitchell Trubisky,Mitchell,Trubisky,QB,11.0,ACT,CON
2024,NE,3200,00-0035771,Mitchell Wilcox,Mitchell,Wilcox,TE,86.0,INA,REG
2024,IND,2200,00-0033217,Mo Alie-Cox,Mo,Alie-Cox,TE,81.0,ACT,REG
2024,PIT,3900,00-0031585,MyCole Pruitt,MyCole,Pruitt,TE,81.0,ACT,WC
2024,PIT,3900,00-0036893,Najee Harris,Najee,Harris,RB,22.0,ACT,WC
2024,DEN,1400,00-0038783,Nate Adkins,Nate,Adkins,TE,45.0,ACT,WC
2024,BAL,325,00-0031549,Nelson Agholor,Nelson,Agholor,WR,15.0,ACT,DIV
2024,CLE,1050,00-0034791,Nick Chubb,Nicholas,Chubb,RB,24.0,RES,REG
2024,TEN,2100,00-0025565,Nick Folk,Nick,Folk,K,6.0,INA,REG
2024,MIN,3000,00-0033319,Nick Mullens,Nicholas,Mullens,QB,12.0,ACT,WC
2024,TEN,2100,00-0032394,Nick Vannett,Nicholas,Vannett,TE,84.0,ACT,REG
2024,TEN,2100,00-0036182,Nick Westbrook-Ikhine,Nicholas,Westbrook-Ikhine,WR,15.0,ACT,REG
2024,HOU,2120,00-0036554,Nico Collins,Nico,Collins,WR,12.0,ACT,DIV
2024,KC,2310,00-0038519,Nikko Remigio,Nikko,Remigio,WR,81.0,ACT,SB
2024,WAS,5110,00-0033591,Noah Brown,Noah,Brown,WR,85.0,RES,CON
2024,SEA,4600,00-0035644,Noah Fant,Noah,Fant,TE,87.0,ACT,REG
2024,KC,2310,00-0036637,Noah Gray,Noah,Gray,TE,83.0,ACT,SB
2024,CHI,810,00-0035621,Nsimba Webster,Nsimba,Webster,WR,83.0,RES,REG
2024,CLE,1050,00-0034367,Nyheim Hines,Nyheim,Miller-Hines,RB,22.0,RES,REG
2024,WAS,5110,00-0035208,Olamide Zaccheaus,Olamide,Zaccheaus,WR,14.0,ACT,CON
2024,BAL,325,00-0038458,Owen Wright,Owen,Wright,RB,36.0,RES,DIV
2024,JAX,2250,00-0038606,Parker Washington,Christopher,Washington,WR,11.0,ACT,REG
2024,PHI,3700,00-0035639,Parris Campbell,Parris,Campbell,WR,80.0,ACT,SB
2024,PIT,3900,00-0036894,Pat Freiermuth,Pat,Freiermuth,TE,88.0,ACT,WC
2024,KC,2310,00-0033873,Patrick Mahomes,Patrick,Mahomes,QB,15.0,ACT,SB
2024,JAX,2250,00-0039231,Patrick Murtagh,Patrick,Murtagh,TE,88.0,RES,REG
2024,BAL,325,00-0033376,Patrick Ricard,Patrick,Ricard,RB,42.0,ACT,DIV
2024,SF,4500,00-0035973,Patrick Taylor,Patrick,Taylor,RB,32.0,ACT,REG
2024,TB,4900,00-0039050,Payne Durham,Payne,Durham,TE,87.0,ACT,WC
2024,KC,2310,00-0037569,Peyton Hendershot,Peyton,Hendershot,TE,88.0,ACT,SB
2024,SEA,4600,00-0033439,Pharaoh Brown,Pharaoh,Brown,TE,86.0,ACT,REG
2024,CLE,1050,00-0038098,Pierre Strong,Pierre,Strong,RB,20.0,RES,REG
2024,DAL,1200,00-0038735,Princeton Fant,Princeton,Fant,TE,85.0,ACT,REG
2024,LA,2510,00-0039075,Puka Nacua,Puka,Nacua,WR,17.0,ACT,DIV
2024,LAC,4400,00-0038544,Quentin Johnston,Quentin,Johnston,WR,1.0,ACT,WC
2024,BUF,610,00-0036590,Quintin Morris,Quintin,Morris,TE,85.0,ACT,CON
2024,TB,4900,00-0037256,Rachaad White,Rachaad,White,RB,1.0,ACT,WC
2024,CAR,750,00-0037429,Raheem Blackshear,Raheem,Blackshear,RB,3.0,ACT,REG
2024,MIA,2700,00-0031687,Raheem Mostert,Dominique,Mostert,RB,31.0,ACT,REG
2024,TB,4900,00-0038821,Rakim Jarrett,Rakim,Jarrett,WR,18.0,ACT,WC
2024,LV,2520,00-0039543,Ramel Keyton,Ramel,Keyton,WR,82.0,ACT,REG
2024,KC,2310,00-0039067,Rashee Rice,Rashee,Rice,WR,4.0,RES,SB
2024,BAL,325,00-0039796,Rasheen Ali,Rasheen,Ali,RB,26.0,INA,DIV
2024,NO,3300,00-0037545,Rashid Shaheed,Rashid,Shaheed,WR,22.0,RES,REG
2024,BAL,325,00-0036550,Rashod Bateman,Rashod,Bateman,WR,7.0,ACT,DIV
2024,BUF,610,00-0039875,Ray Davis,Re'Mahn,Davis,RB,22.0,ACT,CON
2024,ATL,200,00-0034407,Ray-Ray McCloud,Ray-Ray,McCloud,WR,34.0,ACT,REG
2024,BUF,610,00-0036187,Reggie Gilliam,Reggie,Gilliam,RB,41.0,ACT,CON
2024,NE,3200,00-0036875,Rhamondre Stevenson,Rhamondre,Stevenson,RB,38.0,ACT,REG
2024,SF,4500,00-0039916,Ricky Pearsall,Ricky,Pearsall,WR,14.0,ACT,REG
2024,DAL,1200,00-0036139,Rico Dowdle,Rico,Dowdle,RB,23.0,ACT,REG
2024,ATL,200,00-0036816,Riley Patterson,Riley,Patterson,K,37.0,ACT,REG
2024,MIA,2700,00-0034054,River Cracraft,Tanner,Cracraft,WR,85.0,ACT,REG
2024,ATL,200,00-0038419,Robert Burns,Robert,Burns,RB,39.0,RES,REG
2024,HOU,2120,00-0030431,Robert Woods,Robert,Woods,WR,2.0,ACT,DIV
2024,PIT,3900,00-0039739,Roman Wilson,Roman,Wilson,WR,10.0,RES,WC
2024,CHI,810,00-0039919,Rome Odunze,Rome,Odunze,WR,15.0,ACT,REG
2024,GB,1800,00-0037816,Romeo Doubs,Romeo,Doubs,WR,87.0,ACT,WC
2024,ATL,200,00-0036936,Rondale Moore,Rondale,Moore,WR,14.0,RES,REG
2024,LA,2510,00-0037557,Ronnie Rivers,Ronnie,Rivers,RB,20.0,ACT,DIV
2024,CHI,810,00-0039021,Roschon Johnson,Roschon,Johnson,RB,23.0,ACT,REG
2024,ATL,200,00-0034073,Ross Dwelley,Ross,Dwelley,TE,85.0,ACT,REG
2024,PIT,3900,00-0029263,Russell Wilson,Russell,Wilson,QB,3.0,ACT,WC
2024,DAL,1200,00-0039410,Ryan Flournoy,Ryan,Flournoy,WR,80.0,ACT,REG
2024,TB,4900,00-0038824,Ryan Miller,Ryan,Miller,WR,81.0,ACT,WC
2024,MIN,3000,00-0034869,Sam Darnold,Sam,Darnold,QB,14.0,ACT,WC
2024,IND,2200,00-0036879,Sam Ehlinger,Samuel,Ehlinger,QB,4.0,ACT,REG
2024,SEA,4600,00-0037077,Sam Howell,Sam,Howell,QB,6.0,ACT,REG
2024,DET,1540,00-0039065,Sam LaPorta,Sam,LaPorta,TE,87.0,ACT,DIV
2024,KC,2310,00-0033526,Samaje Perine,Samaje,Perine,RB,34.0,ACT,SB
2024,PHI,3700,00-0034844,Saquon Barkley,Saquon,Barkley,RB,26.0,ACT,SB
2024,LAC,4400,00-0038614,Scott Matlock,Scott,Matlock,RB,44.0,ACT,WC
2024,PIT,3900,00-0035298,Scott Miller,Scott,Miller,WR,13.0,INA,WC
2024,GB,1800,00-0038391,Sean Clifford,Sean,Clifford,QB,6.0,INA,WC
2024,TB,4900,00-0038951,Sean Tucker,Sean,Tucker,RB,44.0,ACT,WC
2024,BUF,610,00-0036679,Shane Buechele,Shane,Buechele,QB,6.0,RES,CON
2024,DET,1540,00-0036534,Shane Zylstra,Shane,Zylstra,TE,84.0,ACT,DIV
2024,LAC,4400,00-0036646,Simi Fehoko,Simione,Fehoko,WR,87.0,ACT,WC
2024,LV,2520,00-0037509,Sincere McCormick,Sincere,McCormick,RB,28.0,RES,REG
2024,DET,1540,00-0039364,Sione Vaki,Sione,Vaki,RB,33.0,ACT,DIV
2024,MIA,2700,00-0037327,Skylar Thompson,Skylar,Thompson,QB,19.0,ACT,REG
2024,KC,2310,00-0038090,Skyy Moore,Skyy,Moore,WR,24.0,RES,SB
2024,NO,3300,00-0039376,Spencer Rattler,Spencer,Rattler,QB,18.0,ACT,REG
2024,KC,2310,00-0039576,Spencer Shrader,Spencer,Shrader,K,40.0,RES,SB
2024,HOU,2120,00-0031588,Stefon Diggs,Stefon,Diggs,WR,1.0,RES,DIV
2024,CHI,810,00-0035039,Stephen Carlson,Stephen,Carlson,TE,88.0,RES,REG
2024,TB,4900,00-0032385,Sterling Shepard,Sterling,Shepard,WR,17.0,ACT,WC
2024,LA,2510,00-0039107,Stetson Bennett,Stetson,Bennett,QB,13.0,INA,DIV
2024,BAL,325,00-0034928,Steven Sims,Steven,Sims,WR,18.0,ACT,DIV
2024,LAC,4400,00-0037475,Stone Smartt,Stone,Smartt,TE,84.0,ACT,WC
2024,MIN,3000,00-0035229,T.J. Hockenson,Thomas,Hockenson,TE,87.0,ACT,WC
2024,SEA,4600,00-0039308,TaMerik Williams,TaMerik,Williams,RB,,ACT,REG
2024,MIA,2700,00-0039884,Tahj Washington,Tahj,Washington,WR,82.0,RES,REG
2024,JAX,2250,00-0038555,Tank Bigsby,Cartavious,Bigsby,RB,4.0,ACT,REG
2024,HOU,2120,00-0038977,Tank Dell,Nathaniel,Dell,WR,3.0,RES,DIV
2024,MIA,2700,00-0037348,Tanner Conner,Tanner,Conner,WR,80.0,RES,REG
2024,CIN,920,00-0034613,Tanner Hudson,Tanner,Hudson,TE,87.0,ACT,REG
2024,TB,4900,00-0039592,Tanner Knue,Tanner,Knue,WR,80.0,INA,WC
2024,PHI,3700,00-0038400,Tanner McKee,Tanner,McKee,QB,16.0,INA,SB
2024,CIN,920,00-0039399,Tanner McLachlan,Tanner,McLachlan,TE,84.0,INA,REG
2024,TEN,2100,00-0037524,Tay Martin,Dovontavean,Martin,WR,18.0,ACT,REG
2024,LAC,4400,00-0031800,Taylor Heinicke,Taylor,Heinicke,QB,8.0,ACT,WC
2024,NO,3300,00-0033357,Taysom Hill,Taysom,Hill,TE,7.0,RES,REG
2024,HOU,2120,00-0037277,Teagan Quitoriano,Teagan,Quitoriano,TE,85.0,RES,DIV
2024,DET,1540,00-0031237,Teddy Bridgewater,Theodore,Bridgewater,QB,12.0,ACT,DIV
2024,CIN,920,00-0036410,Tee Higgins,Tamaurice,Higgins,WR,5.0,ACT,REG
2024,LV,2520,00-0036955,Terrace Marshall Jr.,Terrace,Marshall,WR,80.0,ACT,REG
2024,NE,3200,00-0039757,Terrell Jennings,Terrell,Jennings,RB,26.0,ACT,REG
2024,WAS,5110,00-0035659,Terry McLaurin,Terry,McLaurin,WR,17.0,ACT,CON
2024,NYG,3410,00-0039847,Theo Johnson,Theodore,Johnson,TE,84.0,RES,REG
2024,NYG,3410,00-0034177,Tim Boyle,Timothy,Boyle,QB,12.0,INA,REG
2024,JAX,2250,00-0036497,Tim Jones,Tim,Jones,WR,15.0,ACT,REG
2024,DET,1540,00-0033375,Tim Patrick,Tim,Patrick,WR,17.0,ACT,DIV
2024,ARI,3800,00-0039737,Tip Reiman,Tip,Reiman,TE,87.0,ACT,REG
2024,NYG,3410,00-0038476,Tommy DeVito,Tommy,DeVito,QB,15.0,ACT,REG
2024,CAR,750,00-0037005,Tommy Tremble,Tommy,Tremble,TE,82.0,ACT,REG
2024,ARI,3800,00-0035860,Tony Jones,Tony,Jones,RB,37.0,ACT,REG
2024,TEN,2100,00-0035261,Tony Pollard,Tony,Pollard,RB,20.0,ACT,REG
2024,JAX,2250,00-0036973,Travis Etienne,Travis,Etienne,RB,1.0,ACT,REG
2024,CHI,810,00-0035594,Travis Homer,Travis,Homer,RB,20.0,INA,REG
2024,KC,2310,00-0030506,Travis Kelce,Travis,Kelce,TE,87.0,ACT,SB
2024,ARI,3800,00-0038456,Travis Vokolek,Travis,Vokolek,TE,81.0,INA,REG
2024,CIN,920,00-0035291,Trayveon Williams,Trayveon,Williams,RB,32.0,ACT,REG
2024,LV,2520,00-0038563,Tre Tucker,Tre,Tucker,WR,11.0,ACT,REG
2024,MIN,3000,00-0034487,Trent Sherfield,Trent,Sherfield,WR,11.0,ACT,WC
2024,SF,4500,00-0033292,Trent Taylor,Trent,Taylor,WR,81.0,ACT,REG
2024,JAX,2250,00-0036971,Trevor Lawrence,Trevor,Lawrence,QB,16.0,RES,REG
2024,ARI,3800,00-0039921,Trey Benson,Trey,Benson,RB,33.0,RES,REG
2024,DAL,1200,00-0037012,Trey Lance,Trey,Lance,QB,19.0,ACT,REG
2024,ARI,3800,00-0037744,Trey McBride,Trey,McBride,TE,85.0,ACT,REG
2024,TB,4900,00-0039052,Trey Palmer,Trey,Palmer,WR,10.0,ACT,WC
2024,IND,2200,00-0036984,Trey Sermon,Trey,Sermon,RB,27.0,ACT,REG
2024,TEN,2100,00-0037742,Treylon Burks,Treylon,Burks,WR,16.0,RES,REG
2024,DEN,1400,00-0039868,Troy Franklin,Troy,Franklin,WR,16.0,ACT,WC
2024,MIA,2700,00-0036212,Tua Tagovailoa,Tua,Tagovailoa,QB,1.0,INA,REG
2024,LAC,4400,00-0037654,Tucker Fisk,Tucker,Fisk,TE,42.0,ACT,WC
2024,GB,1800,00-0038996,Tucker Kraft,Tucker,Kraft,TE,85.0,ACT,WC
2024,LA,2510,00-0036849,Tutu Atwell,Chatarius,Atwell,WR,5.0,ACT,DIV
2024,MIN,3000,00-0037276,Ty Chandler,Ty,Chandler,RB,32.0,ACT,WC
2024,BUF,610,00-0035537,Ty Johnson,Ty,Johnson,RB,26.0,ACT,CON
2024,TEN,2100,00-0039032,Tyjae Spears,Tyjae,Spears,RB,2.0,INA,REG
2024,BAL,325,00-0036630,Tylan Wallace,Tylan,Wallace,WR,16.0,ACT,DIV
2024,ATL,200,00-0037263,Tyler Allgeier,Tyler,Allgeier,RB,25.0,ACT,REG
2024,DEN,1400,00-0037085,Tyler Badie,Tyler,Badie,RB,28.0,ACT,WC
2024,BUF,610,00-0036162,Tyler Bass,Tyler,Bass,K,2.0,ACT,CON
2024,TEN,2100,00-0033009,Tyler Boyd,Tyler,Boyd,WR,83.0,INA,REG
2024,NYJ,3430,00-0034270,Tyler Conklin,Tyler,Conklin,TE,83.0,ACT,REG
2024,GB,1800,00-0036250,Tyler Davis,Tyler,Davis,TE,84.0,RES,WC
2024,IND,2200,00-0037120,Tyler Goodson,Tyler,Goodson,RB,31.0,ACT,REG
2024,LA,2510,00-0033110,Tyler Higbee,Tyler,Higbee,TE,89.0,ACT,DIV
2024,MIA,2700,00-0035993,Tyler Huntley,Tyler,Huntley,QB,18.0,ACT,REG
2024,LA,2510,00-0036427,Tyler Johnson,Tyler,Johnson,WR,18.0,INA,DIV
2024,SEA,4600,00-0032211,Tyler Lockett,Tyler,Lockett,WR,16.0,ACT,REG
2024,SEA,4600,00-0036059,Tyler Mabry,Tyler,Mabry,TE,85.0,INA,REG
2024,CHI,810,00-0038941,Tyler Scott,Tyler,Scott,WR,10.0,ACT,REG
2024,MIA,2700,00-0033040,Tyreek Hill,Tyreek,Hill,WR,10.0,ACT,REG
2024,NYJ,3430,00-0028118,Tyrod Taylor,Tyrod,Taylor,QB,2.0,ACT,REG
2024,NYG,3410,00-0039384,Tyrone Tracy Jr.,Tyrone,Tracy,RB,29.0,ACT,REG
2024,CHI,810,00-0038416,Tyson Bagent,Tyson,Bagent,QB,17.0,ACT,REG
2024,PIT,3900,00-0036415,Van Jefferson,Vanchii,Jefferson,WR,11.0,ACT,WC
2024,CAR,750,00-0037745,Velus Jones Jr.,Velus,Jones,RB,28.0,INA,REG
2024,NYG,3410,00-0038117,Wan'Dale Robinson,Charles,Robinson,WR,17.0,ACT,REG
2024,JAX,2250,00-0039560,Wayne Ruby,Wayne,Ruby,WR,83.0,RES,REG
2024,DEN,1400,00-0032569,Wil Lutz,William,Lutz,K,3.0,ACT,WC
2024,LAC,4400,00-0034159,Will Dissly,Will,Dissly,TE,81.0,ACT,WC
2024,DAL,1200,00-0035251,Will Grier,Will,Grier,QB,15.0,INA,REG
2024,TEN,2100,00-0039152,Will Levis,Will,Levis,QB,8.0,ACT,REG
2024,IND,2200,00-0038394,Will Mallory,Will,Mallory,TE,86.0,INA,REG
2024,MIN,3000,00-0039404,Will Reichard,William,Reichard,K,16.0,ACT,WC
2024,PHI,3700,00-0039746,Will Shipley,Will,Shipley,RB,28.0,ACT,SB
2024,NYJ,3430,00-0038496,Xavier Gipson,Xavier,Gipson,WR,82.0,ACT,REG
2024,HOU,2120,00-0038618,Xavier Hutchinson,Xavier,Hutchinson,WR,19.0,ACT,DIV
2024,CAR,750,00-0039342,Xavier Legette,Xavier,Legette,WR,17.0,ACT,REG
2024,LA,2510,00-0038359,Xavier Smith,Xavier,Smith,WR,19.0,ACT,DIV
2024,ARI,3800,00-0039521,Xavier Weaver,Xavier,Weaver,WR,89.0,ACT,REG
2024,KC,2310,00-0039894,Xavier Worthy,Xavier,Worthy,WR,1.0,ACT,SB
2024,ATL,200,00-0033702,Younghoe Koo,Younghoe,Koo,K,6.0,RES,REG
2024,SEA,4600,00-0039165,Zach Charbonnet,Zach,Charbonnet,RB,26.0,ACT,REG
2024,WAS,5110,00-0030061,Zach Ertz,Zachary,Ertz,TE,86.0,ACT,CON
2024,ARI,3800,00-0033251,Zach Pascal,Zachary,Pascal,WR,0.0,ACT,REG
2024,DEN,1400,00-0037013,Zach Wilson,Zachary,Wilson,QB,4.0,INA,WC
2024,CIN,920,00-0036251,Zack Moss,Zaccheus,Moss,RB,31.0,RES,REG
2024,LV,2520,00-0038040,Zamir White,Zamir,White,RB,3.0,RES,REG
2024,WAS,5110,00-0033862,Zane Gonzalez,Zane,Gonzalez,K,47.0,ACT,CON
2024,BAL,325,00-0039064,Zay Flowers,Xavien,Flowers,WR,4.0,INA,DIV
2024,ARI,3800,00-0033891,Zay Jones,Isaiah,Jones,WR,17.0,ACT,REG
